{
    "morfilm-material-color-styles": {
      "light": {
        "schemes-primary": "#206a4eff",
        "schemes-surface-tint": "#206a4eff",
        "schemes-on-primary": "#ffffffff",
        "schemes-primary-container": "#a9f2cdff",
        "schemes-on-primary-container": "#002114ff",
        "schemes-secondary": "#4d6357ff",
        "schemes-on-secondary": "#ffffffff",
        "schemes-secondary-container": "#cfe9d9ff",
        "schemes-on-secondary-container": "#0a1f16ff",
        "schemes-tertiary": "#685f12ff",
        "schemes-on-tertiary": "#ffffffff",
        "schemes-tertiary-container": "#f1e48aff",
        "schemes-on-tertiary-container": "#201c00ff",
        "schemes-error": "#ba1a1aff",
        "schemes-on-error": "#ffffffff",
        "schemes-error-container": "#ffdad6ff",
        "schemes-on-error-container": "#410002ff",
        "schemes-background": "#f5fbf5ff",
        "schemes-on-background": "#171d1aff",
        "schemes-surface": "#f5fbf5ff",
        "schemes-on-surface": "#171d1aff",
        "schemes-surface-variant": "#dbe5ddff",
        "schemes-on-surface-variant": "#404943ff",
        "schemes-outline": "#707973ff",
        "schemes-outline-variant": "#bfc9c1ff",
        "schemes-shadow": "#000000ff",
        "schemes-scrim": "#000000ff",
        "schemes-inverse-surface": "#2c322eff",
        "schemes-inverse-on-surface": "#edf2ecff",
        "schemes-inverse-primary": "#8dd5b2ff",
        "schemes-primary-fixed": "#a9f2cdff",
        "schemes-on-primary-fixed": "#002114ff",
        "schemes-primary-fixed-dim": "#8dd5b2ff",
        "schemes-on-primary-fixed-variant": "#005138ff",
        "schemes-secondary-fixed": "#cfe9d9ff",
        "schemes-on-secondary-fixed": "#0a1f16ff",
        "schemes-secondary-fixed-dim": "#b4ccbdff",
        "schemes-on-secondary-fixed-variant": "#354b40ff",
        "schemes-tertiary-fixed": "#f1e48aff",
        "schemes-on-tertiary-fixed": "#201c00ff",
        "schemes-tertiary-fixed-dim": "#d4c871ff",
        "schemes-on-tertiary-fixed-variant": "#4f4700ff",
        "schemes-surface-dim": "#d6dbd6ff",
        "schemes-surface-bright": "#f5fbf5ff",
        "schemes-surface-container-lowest": "#ffffffff",
        "schemes-surface-container-low": "#eff5efff",
        "schemes-surface-container": "#eaefe9ff",
        "schemes-surface-container-high": "#e4eae4ff",
        "schemes-surface-container-highest": "#dee4deff",
        "schemes-overlay": "#070908bf",
        "schemes-white-fixed": "#ffffffff"
      },
      "dark": {
        "schemes-primary": "#8dd5b2ff",
        "schemes-surface-tint": "#8dd5b2ff",
        "schemes-on-primary": "#003825ff",
        "schemes-primary-container": "#005138ff",
        "schemes-on-primary-container": "#a9f2cdff",
        "schemes-secondary": "#b4ccbdff",
        "schemes-on-secondary": "#1f352aff",
        "schemes-secondary-container": "#354b40ff",
        "schemes-on-secondary-container": "#cfe9d9ff",
        "schemes-tertiary": "#d4c871ff",
        "schemes-on-tertiary": "#373100ff",
        "schemes-tertiary-container": "#4f4700ff",
        "schemes-on-tertiary-container": "#f1e48aff",
        "schemes-error": "#ffb4abff",
        "schemes-on-error": "#690005ff",
        "schemes-error-container": "#93000aff",
        "schemes-on-error-container": "#ffdad6ff",
        "schemes-background": "#0f1511ff",
        "schemes-on-background": "#dee4deff",
        "schemes-surface": "#0f1511ff",
        "schemes-on-surface": "#dee4deff",
        "schemes-surface-variant": "#404943ff",
        "schemes-on-surface-variant": "#bfc9c1ff",
        "schemes-outline": "#8a938cff",
        "schemes-outline-variant": "#404943ff",
        "schemes-shadow": "#000000ff",
        "schemes-scrim": "#000000ff",
        "schemes-inverse-surface": "#dee4deff",
        "schemes-inverse-on-surface": "#2c322eff",
        "schemes-inverse-primary": "#206a4eff",
        "schemes-primary-fixed": "#a9f2cdff",
        "schemes-on-primary-fixed": "#002114ff",
        "schemes-primary-fixed-dim": "#8dd5b2ff",
        "schemes-on-primary-fixed-variant": "#005138ff",
        "schemes-secondary-fixed": "#cfe9d9ff",
        "schemes-on-secondary-fixed": "#0a1f16ff",
        "schemes-secondary-fixed-dim": "#b4ccbdff",
        "schemes-on-secondary-fixed-variant": "#354b40ff",
        "schemes-tertiary-fixed": "#f1e48aff",
        "schemes-on-tertiary-fixed": "#201c00ff",
        "schemes-tertiary-fixed-dim": "#d4c871ff",
        "schemes-on-tertiary-fixed-variant": "#4f4700ff",
        "schemes-surface-dim": "#0f1511ff",
        "schemes-surface-bright": "#353b37ff",
        "schemes-surface-container-lowest": "#0a0f0cff",
        "schemes-surface-container-low": "#171d1aff",
        "schemes-surface-container": "#1b211dff",
        "schemes-surface-container-high": "#252b28ff",
        "schemes-surface-container-highest": "#303632ff",
        "schemes-overlay": "#070908bf",
        "schemes-white-fixed": "#ffffffff"
      }
    },

    "morfilm-material-text-styles": [
    {
      "name": "material-theme/display/large",
      "fontFamily": "Rubik Mono One",
      "fontWeight": "Regular",
      "fontSize": 57,
      "letterSpacing": {
        "unit": "PIXELS",
        "value": -0.25
      },
      "textCase": "ORIGINAL"
    },
    {
      "name": "material-theme/display/medium",
      "fontFamily": "Rubik Mono One",
      "fontWeight": "Regular",
      "fontSize": 45,
      "letterSpacing": {
        "unit": "PIXELS",
        "value": 0
      },
      "textCase": "ORIGINAL"
    },
    {
      "name": "material-theme/display/small",
      "fontFamily": "Rubik Mono One",
      "fontWeight": "Regular",
      "fontSize": 36,
      "letterSpacing": {
        "unit": "PIXELS",
        "value": 0
      },
      "textCase": "ORIGINAL"
    },
    {
      "name": "material-theme/headline/large",
      "fontFamily": "Lexend Deca",
      "fontWeight": "Regular",
      "fontSize": 32,
      "letterSpacing": {
        "unit": "PIXELS",
        "value": 0
      },
      "textCase": "ORIGINAL"
    },
    {
      "name": "material-theme/headline/medium",
      "fontFamily": "Lexend Deca",
      "fontWeight": "Regular",
      "fontSize": 28,
      "letterSpacing": {
        "unit": "PIXELS",
        "value": 0
      },
      "textCase": "ORIGINAL"
    },
    {
      "name": "material-theme/headline/small",
      "fontFamily": "Lexend Deca",
      "fontWeight": "Regular",
      "fontSize": 24,
      "letterSpacing": {
        "unit": "PIXELS",
        "value": 0
      },
      "textCase": "ORIGINAL"
    },
    {
      "name": "material-theme/body/large",
      "fontFamily": "Lexend Deca",
      "fontWeight": "Regular",
      "fontSize": 16,
      "letterSpacing": {
        "unit": "PIXELS",
        "value": 0.5
      },
      "textCase": "ORIGINAL"
    },
    {
      "name": "material-theme/body/medium",
      "fontFamily": "Lexend Deca",
      "fontWeight": "Regular",
      "fontSize": 14,
      "letterSpacing": {
        "unit": "PIXELS",
        "value": 0.25
      },
      "textCase": "ORIGINAL"
    },
    {
      "name": "material-theme/body/small",
      "fontFamily": "Lexend Deca",
      "fontWeight": "Regular",
      "fontSize": 12,
      "letterSpacing": {
        "unit": "PIXELS",
        "value": 0.4000000059604645
      },
      "textCase": "ORIGINAL"
    },
    {
      "name": "material-theme/label/large",
      "fontFamily": "Lexend Deca",
      "fontWeight": "Medium",
      "fontSize": 14,
      "letterSpacing": {
        "unit": "PIXELS",
        "value": 0.10000000149011612
      },
      "textCase": "ORIGINAL"
    },
    {
      "name": "material-theme/label/medium",
      "fontFamily": "Lexend Deca",
      "fontWeight": "Medium",
      "fontSize": 12,
      "letterSpacing": {
        "unit": "PIXELS",
        "value": 0.5
      },
      "textCase": "ORIGINAL"
    },
    {
      "name": "material-theme/label/small",
      "fontFamily": "Lexend Deca",
      "fontWeight": "Medium",
      "fontSize": 11,
      "letterSpacing": {
        "unit": "PIXELS",
        "value": 0.5
      },
      "textCase": "ORIGINAL"
    },
    {
      "name": "material-theme/title/large",
      "fontFamily": "Lexend Deca",
      "fontWeight": "Regular",
      "fontSize": 22,
      "letterSpacing": {
        "unit": "PIXELS",
        "value": 0
      },
      "textCase": "ORIGINAL"
    },
    {
      "name": "material-theme/title/medium",
      "fontFamily": "Lexend Deca",
      "fontWeight": "Medium",
      "fontSize": 16,
      "letterSpacing": {
        "unit": "PIXELS",
        "value": 0.15000000596046448
      },
      "textCase": "ORIGINAL"
    },
    {
      "name": "material-theme/title/small",
      "fontFamily": "Lexend Deca",
      "fontWeight": "Medium",
      "fontSize": 14,
      "letterSpacing": {
        "unit": "PIXELS",
        "value": 0.10000000149011612
      },
      "textCase": "ORIGINAL"
    }
  ]
  }  